Original Points,Predicted Point,Loss
[ 1.  -0.2],,
[2. 0.],,
[3.  0.6],,
[4.  1.6],,
[5. 3.],,
[6.  4.8],,
[7. 7.],,
[8.  9.6],,
[ 9.  12.6],,
[10. 16.],,
[11.  19.8],,
[12. 24.],,
[13.  28.6],,
[14.  33.6],,
[15. 39.],,
[16.  44.8],,
[17. 51.],,
[18.  57.6],,
[19.  64.6],,
[20. 72.],,
,[20.00024629 71.32546482],0.22749894857406616
